3,0,1,449.01839999994263
2,0,1,465.0739000001922
4,0,1,604.6480999998748
1,0,1,675.8598000002094
0,0,1,696.3322000000626
3,1,0,762.0167000000365
3,2,1,826.9265999998897
1,2,1,888.9679000000469
4,2,1,936.0084000001661
2,2,1,943.4884999999776
0,1,1,994.1938000000082
0,2,1,1123.7412000000477
4,1,1,1234.0477999998257
1,1,1,1283.6265000002459
2,1,1,1321.4163000001572
0,0,1,396.3780999998562
0,1,1,1047.11559999967
0,2,1,659.0353999999352
1,0,1,588.5402000001632
1,1,1,920.6840999997221
1,2,0,785.348800000269
2,0,1,492.33909999998286
2,1,1,793.2423999998719
2,2,1,832.3700000001118
3,0,1,363.77949999971315
3,1,1,806.8885000003502
3,2,1,645.3214000002481
4,0,1,467.37229999992996
4,1,1,793.2170000001788
4,2,1,544.3053999999538
0,0,1,1272.613199999556,0,jpeg,1000x667
0,1,1,1028.4187000002712,261.49808299995493,jpeg,1000x667
0,2,1,999.806899998337,205.2648479999043,jpeg,1000x667
1,0,1,1381.852599998936,0,jpeg,1000x667
1,1,1,819.0079000014812,184.29254300007597,jpeg,1000x667
1,2,1,663.6089000012726,248.13900600001216,jpeg,1000x667
2,0,1,526.8004999998957,0,jpeg,1000x667
2,1,1,771.5427000001073,132.74567400000524,jpeg,1000x667
2,2,1,540.3185000009835,116.84069800004363,jpeg,1000x667
3,0,1,1131.3699999991804,0,jpeg,1000x667
3,1,1,967.8316000010818,163.23938699997962,jpeg,1000x667
3,2,1,656.7913000006229,226.4407370002009,jpeg,1000x667
4,0,1,1222.5695000011474,0,jpeg,1000x667
4,1,1,767.2525000013411,104.85080799995922,jpeg,1000x667
4,2,1,530.1854999996722,117.76318999985233,jpeg,1000x667
0,0,1,1848.1323000000266,0,jpeg,1000x667
0,0,1,497.38510000001406,0,jpeg,1000x667
1,0,1,563.9328000000096,0,jpeg,1000x667
2,0,1,563.6992000000319,0,jpeg,1000x667
3,0,1,600.6648000000278,0,jpeg,1000x667
4,0,1,302.60310000000754,0,jpeg,1000x667
5,0,1,681.431500000006,0,jpeg,1000x667
6,0,1,517.1454999999842,0,jpeg,1000x667
7,0,1,659.7451000000001,0,jpeg,1000x667
8,0,1,315.8996000000043,0,jpeg,1000x667
9,0,1,623.8536000000313,0,jpeg,1000x667
10,0,1,257.63260000001173,0,jpeg,1000x667
11,0,1,219.15069999999832,0,jpeg,1000x667
12,0,1,504.6732000000193,0,jpeg,1000x667
13,0,1,549.4912999999942,0,jpeg,1000x667
14,0,1,284.3837000000058,0,jpeg,1000x667
15,0,1,560.4639999999781,0,jpeg,1000x667
16,0,1,496.62349999998696,0,jpeg,1000x667
17,0,1,601.6646999999648,0,jpeg,1000x667
18,0,1,311.46730000001844,0,jpeg,1000x667
19,0,1,216.83159999997588,0,jpeg,1000x667
20,0,1,300.86820000002626,0,jpeg,1000x667
21,0,1,344.9625000000233,0,jpeg,1000x667
22,0,1,190.67129999998724,0,jpeg,1000x667
23,0,1,537.8594000000157,0,jpeg,1000x667
24,0,1,341.00909999996657,0,jpeg,1000x667
25,0,1,230.38260000001173,0,jpeg,1000x667
26,0,1,577.0330999999424,0,jpeg,1000x667
27,0,1,301.61800000001676,0,jpeg,1000x667
28,0,1,276.1649000000325,0,jpeg,1000x667
29,0,1,231.38839999999618,0,jpeg,1000x667
30,0,1,255.1012000000337,0,jpeg,1000x667
31,0,1,580.3545000000158,0,jpeg,1000x667
32,0,1,603.9014000000316,0,jpeg,1000x667
33,0,1,307.3461000000243,0,jpeg,1000x667
34,0,1,200.5783999999985,0,jpeg,1000x667
35,0,1,595.335000000021,0,jpeg,1000x667
0,0,1,987.068900000304,0,jpeg,1000x667
1,0,1,1109.5661999993026,0,jpeg,1000x667
2,0,1,513.0982999997213,0,jpeg,1000x667
3,0,1,468.15200000070035,0,jpeg,1000x667
4,0,1,476.16830000001937,0,jpeg,1000x667
5,0,1,306.2037000004202,0,jpeg,1000x667
6,0,1,555.7286999998614,0,jpeg,1000x667
7,0,1,685.0108000002801,0,jpeg,1000x667
0,0,0,1,651.7481999993324,0,jpeg,1000x667
1,0,0,1,572.4689999995753,0,jpeg,1000x667
2,0,0,1,541.9311999995261,0,jpeg,1000x667
3,0,0,1,525.2743999995291,0,jpeg,1000x667
4,0,0,1,520.8020999999717,0,jpeg,1000x667
5,0,0,1,458.6518999999389,0,jpeg,1000x667
6,0,0,1,423.2549000000581,0,jpeg,1000x667
7,0,0,1,479.0460000000894,0,jpeg,1000x667
8,0,0,1,576.6825000001118,0,jpeg,1000x667
9,0,0,1,498.7779000001028,0,jpeg,1000x667
10,1,0,1,310.58499999996275,0,jpeg,1000x667
11,1,0,1,411.24729999992996,0,jpeg,1000x667
12,1,0,1,536.9758000001311,0,jpeg,1000x667
13,1,0,1,380.6887999996543,0,jpeg,1000x667
14,1,0,1,508.0659999996424,0,jpeg,1000x667
15,1,0,1,657.3925999999046,0,jpeg,1000x667
16,1,0,1,502.9846999999136,0,jpeg,1000x667
17,1,0,1,683.4747000001371,0,jpeg,1000x667
18,1,0,1,517.7061999998987,0,jpeg,1000x667
19,1,0,1,742.9189999997616,0,jpeg,1000x667
20,2,0,1,451.1376000000164,0,jpeg,1000x667
21,2,0,1,417.8135000001639,0,jpeg,1000x667
22,2,0,1,520.8557000001892,0,jpeg,1000x667
23,2,0,1,496.49560000002384,0,jpeg,1000x667
24,2,0,1,321.8860999997705,0,jpeg,1000x667
25,2,0,1,576.5444999998435,0,jpeg,1000x667
26,2,0,1,801.6225999994203,0,jpeg,1000x667
27,2,0,1,376.6670000003651,0,jpeg,1000x667
28,2,0,1,758.9082999993116,0,jpeg,1000x667
29,2,0,1,501.1404999997467,0,jpeg,1000x667
0,0,0,1,580.1818000003695,0,jpeg,1000x667
1,0,0,1,504.71360000036657,0,jpeg,1000x667
2,0,0,1,444.0278000002727,0,jpeg,1000x667
3,0,0,1,644.4973999997601,0,jpeg,1000x667
4,0,0,1,468.59029999934137,0,jpeg,1000x667
5,0,0,1,568.7101000007242,0,jpeg,1000x667
6,0,0,1,838.8791000004858,0,jpeg,1000x667
7,0,0,1,555.0060000000522,0,jpeg,1000x667
8,0,0,1,468.45540000032634,0,jpeg,1000x667
9,1,0,1,634.811999999918,0,jpeg,1000x667
10,1,0,1,673.9058999996632,0,jpeg,1000x667
11,1,0,1,457.141299999319,0,jpeg,1000x667
12,1,0,1,581.8435000004247,0,jpeg,1000x667
13,1,0,1,617.7469999995083,0,jpeg,1000x667
14,1,0,1,505.4355000006035,0,jpeg,1000x667
15,1,0,1,537.9062000000849,0,jpeg,1000x667
16,1,0,1,417.8310000002384,0,jpeg,1000x667
17,1,0,1,624.3928000004962,0,jpeg,1000x667
18,2,0,1,632.3687000004575,0,jpeg,1000x667
19,2,0,1,508.4446000000462,0,jpeg,1000x667
20,2,0,1,619.4769999999553,0,jpeg,1000x667
21,2,0,1,611.4906000001356,0,jpeg,1000x667
22,2,0,1,504.99490000028163,0,jpeg,1000x667
23,2,0,1,909.8977000005543,0,jpeg,1000x667
24,2,0,1,373.92929999995977,0,jpeg,1000x667
25,2,0,1,532.4505000002682,0,jpeg,1000x667
26,2,0,1,753.3678999999538,0,jpeg,1000x667
0,0,0,1,540.251099999994,0,jpeg,1000x667
1,0,0,1,619.7916999999434,0,jpeg,1000x667
2,0,0,1,650.5134999994189,0,jpeg,1000x667
3,0,0,1,400.2448000004515,0,jpeg,1000x667
4,0,0,1,676.884100000374,0,jpeg,1000x667
5,0,0,1,804.2433000002056,0,jpeg,1000x667
6,0,0,1,391.81819999963045,0,jpeg,1000x667
7,0,0,1,721.0541999991983,0,jpeg,1000x667
8,0,0,1,743.2514000004157,0,jpeg,1000x667
9,1,0,1,432.67210000008345,0,jpeg,1000x667
10,1,0,1,556.3318999996409,0,jpeg,1000x667
11,1,0,1,485.16270000021905,0,jpeg,1000x667
12,1,0,1,510.89910000003874,0,jpeg,1000x667
13,1,0,1,565.6173000000417,0,jpeg,1000x667
14,1,0,1,679.7129999995232,0,jpeg,1000x667
15,1,0,1,463.9303000001237,0,jpeg,1000x667
16,1,0,1,508.36159999947995,0,jpeg,1000x667
17,1,0,1,545.7379999998957,0,jpeg,1000x667
18,1,0,1,655.0663999998942,0,jpeg,1000x667
19,2,0,1,505.4149000002071,0,jpeg,1000x667
20,2,0,1,510.32299999985844,0,jpeg,1000x667
21,2,0,1,511.7955999998376,0,jpeg,1000x667
22,2,0,1,708.5583000006154,0,jpeg,1000x667
23,2,0,1,646.7164000002667,0,jpeg,1000x667
24,2,0,1,500.2791999997571,0,jpeg,1000x667
25,2,0,1,459.6098999995738,0,jpeg,1000x667
26,2,0,1,392.4501000000164,0,jpeg,1000x667
27,2,0,1,391.2900999998674,0,jpeg,1000x667
28,2,0,1,504.1213000006974,0,jpeg,1000x667
0,0,0,1,723.7152999993414,0,jpeg,1000x667
1,0,0,1,655.6855000006035,0,jpeg,1000x667
2,0,0,1,378.0997999999672,0,jpeg,1000x667
3,0,0,1,252.85049999970943,0,jpeg,1000x667
4,0,0,1,726.5307999998331,0,jpeg,1000x667
5,0,0,1,376.7713999999687,0,jpeg,1000x667
6,0,0,1,289.84759999997914,0,jpeg,1000x667
7,0,0,1,366.93029999919236,0,jpeg,1000x667
8,0,0,1,379.03969999961555,0,jpeg,1000x667
9,0,0,1,537.5030999993905,0,jpeg,1000x667
10,0,0,1,240.5405000001192,0,jpeg,1000x667
11,0,0,1,289.48820000048727,0,jpeg,1000x667
12,1,0,1,463.716599999927,0,jpeg,1000x667
13,1,0,1,334.4679000005126,0,jpeg,1000x667
14,1,0,1,454.91339999996126,0,jpeg,1000x667
15,1,0,1,350.0893000001088,0,jpeg,1000x667
16,1,0,1,248.56780000030994,0,jpeg,1000x667
17,1,0,1,411.22620000038296,0,jpeg,1000x667
18,1,0,1,325.00470000039786,0,jpeg,1000x667
19,1,0,1,362.7827000003308,0,jpeg,1000x667
20,1,0,1,496.9621000001207,0,jpeg,1000x667
21,1,0,1,313.88190000038594,0,jpeg,1000x667
22,1,0,1,389.9349999995902,0,jpeg,1000x667
23,1,0,1,470.4206999996677,0,jpeg,1000x667
24,1,0,1,386.2978999996558,0,jpeg,1000x667
25,2,0,1,446.0252999998629,0,jpeg,1000x667
26,2,0,1,460.22099999990314,0,jpeg,1000x667
27,2,0,1,395.8364000003785,0,jpeg,1000x667
28,2,0,1,507.99019999988377,0,jpeg,1000x667
29,2,0,1,499.8552000001073,0,jpeg,1000x667
30,2,0,1,268.095900000073,0,jpeg,1000x667
31,2,0,1,311.62619999982417,0,jpeg,1000x667
32,2,0,1,440.22190000023693,0,jpeg,1000x667
33,2,0,1,353.74340000003576,0,jpeg,1000x667
34,2,0,1,332.00789999961853,0,jpeg,1000x667
35,2,0,1,290.17460000049323,0,jpeg,1000x667
36,2,0,1,382.30299999937415,0,jpeg,1000x667
37,2,0,1,511.70320000033826,0,jpeg,1000x667
0,0,0,1,424.9314000001177,0,jpeg,1000x667
1,0,0,1,304.5080999992788,0,jpeg,1000x667
2,0,0,1,317.4944000001997,0,jpeg,1000x667
3,0,0,1,331.3144999993965,0,jpeg,1000x667
4,0,0,1,359.49959999974817,0,jpeg,1000x667
5,0,0,1,490.29449999984354,0,jpeg,1000x667
6,0,0,1,339.58949999976903,0,jpeg,1000x667
7,0,0,1,377.192300000228,0,jpeg,1000x667
8,0,0,1,447.6563000008464,0,jpeg,1000x667
9,0,0,1,274.7849000003189,0,jpeg,1000x667
10,0,0,1,318.4089999999851,0,jpeg,1000x667
11,0,0,1,310.7949999999255,0,jpeg,1000x667
12,0,0,1,319.09539999999106,0,jpeg,1000x667
13,0,0,1,307.2364999996498,0,jpeg,1000x667
14,0,0,1,327.73039999976754,0,jpeg,1000x667
15,1,0,1,200.45669999998063,0,jpeg,1000x667
16,1,0,1,323.15460000000894,0,jpeg,1000x667
17,1,0,1,307.02549999952316,0,jpeg,1000x667
18,1,0,1,255.07529999967664,0,jpeg,1000x667
19,1,0,1,314.4886999996379,0,jpeg,1000x667
20,1,0,1,797.2029000008479,0,jpeg,1000x667
21,1,0,1,257.6440000003204,0,jpeg,1000x667
22,1,0,1,219.08009999990463,0,jpeg,1000x667
23,1,0,1,303.5669999998063,0,jpeg,1000x667
24,1,0,1,370.5553999999538,0,jpeg,1000x667
25,1,0,1,351.6065999995917,0,jpeg,1000x667
26,1,0,1,360.4284999994561,0,jpeg,1000x667
27,1,0,1,304.1168999997899,0,jpeg,1000x667
28,1,0,1,393.8245000001043,0,jpeg,1000x667
29,1,0,1,377.4267000006512,0,jpeg,1000x667
30,2,0,1,390.6243999991566,0,jpeg,1000x667
31,2,0,1,259.4517000000924,0,jpeg,1000x667
32,2,0,1,406.46490000002086,0,jpeg,1000x667
33,2,0,1,281.8047000002116,0,jpeg,1000x667
34,2,0,1,339.06140000000596,0,jpeg,1000x667
35,2,0,1,231.3358000004664,0,jpeg,1000x667
36,2,0,1,310.4016000004485,0,jpeg,1000x667
37,2,0,1,378.4452999997884,0,jpeg,1000x667
38,2,0,1,466.2882999991998,0,jpeg,1000x667
39,2,0,1,313.63040000014007,0,jpeg,1000x667
40,2,0,1,313.96770000085235,0,jpeg,1000x667
41,2,0,1,290.2940999995917,0,jpeg,1000x667
42,2,0,1,495.067300000228,0,jpeg,1000x667
43,2,0,1,314.6489000003785,0,jpeg,1000x667
44,2,0,1,426.2377000004053,0,jpeg,1000x667
0,0,0,1,603.3266000002623,0,jpeg,1000x667
1,0,0,1,233.24959999881685,0,jpeg,1000x667
2,0,0,1,558.3438000008464,0,jpeg,1000x667
3,0,0,1,214.26219999976456,0,jpeg,1000x667
4,0,0,1,539.0025999993086,0,jpeg,1000x667
5,0,0,1,225.4254999998957,0,jpeg,1000x667
6,0,0,1,494.4702000003308,0,jpeg,1000x667
7,0,0,1,300.23790000006557,0,jpeg,1000x667
8,0,0,1,724.4520999994129,0,jpeg,1000x667
9,0,0,1,637.1420000009239,0,jpeg,1000x667
10,0,0,1,296.4244999997318,0,jpeg,1000x667
11,0,0,1,323.92019999958575,0,jpeg,1000x667
12,1,0,1,656.9411999993026,0,jpeg,1000x667
13,1,0,1,754.4470000006258,0,jpeg,1000x667
14,1,0,1,555.8712999988347,0,jpeg,1000x667
0,0,0,1,457.7668999992311,0,jpeg,1000x667
0,0,0,1,453.55580000020564,0,jpeg,1000x667
1,0,0,1,492.7838999982923,0,jpeg,1000x667
2,0,0,1,216.1597999986261,0,jpeg,1000x667
3,0,0,1,625.3352000005543,0,jpeg,1000x667
0,0,0,1,470.0716999992728,0,jpeg,1000x667
1,0,0,1,593.6343999989331,0,jpeg,1000x667
2,0,0,1,597.6723999995738,0,jpeg,1000x667
3,0,0,1,365.40279999934137,0,jpeg,1000x667
4,0,0,1,472.594299999997,0,jpeg,1000x667
5,0,0,1,575.0917000006884,0,jpeg,1000x667
6,0,0,1,375.8205000013113,0,jpeg,1000x667
7,0,0,1,783.2522999998182,0,jpeg,1000x667
8,0,0,1,500.60859999991953,0,jpeg,1000x667
9,0,0,1,728.0370000004768,0,jpeg,1000x667
10,0,1,1,517.3925999999046,0,jpeg,1000x667
11,0,1,1,506.10849999822676,0,jpeg,1000x667
12,0,1,1,660.1268000006676,0,jpeg,1000x667
13,0,1,1,528.8591000009328,0,jpeg,1000x667
14,0,1,1,325.4141000006348,0,jpeg,1000x667
15,0,1,1,666.8760000001639,0,jpeg,1000x667
16,0,1,1,476.75760000012815,0,jpeg,1000x667
17,0,1,1,812.7680999990553,0,jpeg,1000x667
18,0,1,1,533.6729000005871,0,jpeg,1000x667
19,1,0,1,605.043500000611,0,jpeg,1000x667
20,1,0,1,534.597500000149,0,jpeg,1000x667
21,1,0,1,711.2113999985158,0,jpeg,1000x667
22,1,0,1,254.05800000019372,0,jpeg,1000x667
23,1,0,1,422.4591000005603,0,jpeg,1000x667
24,1,0,1,579.8590999990702,0,jpeg,1000x667
25,1,0,1,523.6967000011355,0,jpeg,1000x667
26,1,0,1,750.4270000010729,0,jpeg,1000x667
27,1,0,1,403.59799999929965,0,jpeg,1000x667
28,1,0,1,618.3465999998152,0,jpeg,1000x667
29,1,1,1,601.2187999989837,0,jpeg,1000x667
30,1,1,1,577.0912999995053,0,jpeg,1000x667
31,1,1,1,373.7905000001192,0,jpeg,1000x667
32,1,1,1,512.2040999997407,0,jpeg,1000x667
33,1,1,1,646.2644999995828,0,jpeg,1000x667
34,1,1,1,315.52779999934137,0,jpeg,1000x667
35,1,1,1,268.711799999699,0,jpeg,1000x667
36,1,1,1,649.6832999996841,0,jpeg,1000x667
37,1,1,1,284.7399000003934,0,jpeg,1000x667
38,1,1,1,362.8947999998927,0,jpeg,1000x667
39,1,1,1,379.63910000026226,0,jpeg,1000x667
40,1,1,1,265.31140000000596,0,jpeg,1000x667
41,2,0,1,396.73909999988973,0,jpeg,1000x667
42,2,0,1,372.8270999994129,0,jpeg,1000x667
43,2,0,1,255.29360000044107,0,jpeg,1000x667
44,2,0,1,259.31339999847114,0,jpeg,1000x667
45,2,0,1,287.2577999997884,0,jpeg,1000x667
46,2,0,1,351.21670000068843,0,jpeg,1000x667
47,2,0,1,590.5568000003695,0,jpeg,1000x667
48,2,0,1,381.74580000154674,0,jpeg,1000x667
49,2,0,1,715.89100000076,0,jpeg,1000x667
50,2,0,1,400.20749999955297,0,jpeg,1000x667
51,2,0,1,663.4014999996871,0,jpeg,1000x667
52,2,0,1,751.0119000002742,0,jpeg,1000x667
53,2,1,1,618.8676999993622,0,jpeg,1000x667
54,2,1,1,306.2551999986172,0,jpeg,1000x667
55,2,1,1,379.7357999999076,0,jpeg,1000x667
56,2,1,1,277.3276000004262,0,jpeg,1000x667
57,2,1,1,423.7349000014365,0,jpeg,1000x667
58,2,1,1,476.65200000070035,0,jpeg,1000x667
59,2,1,1,550.8399000000209,0,jpeg,1000x667
60,2,1,1,316.0603000000119,0,jpeg,1000x667
61,2,1,1,302.28189999982715,0,jpeg,1000x667
62,2,1,1,403.01690000109375,0,jpeg,1000x667
63,2,1,1,449.4694999996573,0,jpeg,1000x667
64,2,1,1,447.05399999953806,0,jpeg,1000x667
65,2,1,1,326.04250000044703,0,jpeg,1000x667
0,0,0,0,30233.83350000158, charset=UTF-8" />
<meta http-equiv="X-UA-Compatible" content="IE=Edge,chrome=1" />
<meta name="robots" content="noindex, nofollow" />
<meta name="viewport" content="width=device-width,initial-scale=1" />
<link rel="stylesheet" id="cf_styles-css" href="/cdn-cgi/styles/cf.errors.css" type="text/css" media="screen,projection" />
<!--[if lt IE 9]><link rel="stylesheet" id='cf_styles-ie-css' href="/cdn-cgi/styles/cf.errors.ie.css" type="text/css" media="screen,projection" /><![endif]-->
<style type="text/css">body{margin:0,padding:0}</style>


<!--[if gte IE 10]><!-->
<script>
  if (!navigator.cookieEnabled) {
    window.addEventListener('DOMContentLoaded', function () {
      var cookieEl = document.getElementById('cookie-alert'),
      cookieEl.style.display = 'block'
1,1,0,0,22952.39189999923, charset=UTF-8" />
<meta http-equiv="X-UA-Compatible" content="IE=Edge,chrome=1" />
<meta name="robots" content="noindex, nofollow" />
<meta name="viewport" content="width=device-width,initial-scale=1" />
<link rel="stylesheet" id="cf_styles-css" href="/cdn-cgi/styles/cf.errors.css" type="text/css" media="screen,projection" />
<!--[if lt IE 9]><link rel="stylesheet" id='cf_styles-ie-css' href="/cdn-cgi/styles/cf.errors.ie.css" type="text/css" media="screen,projection" /><![endif]-->
<style type="text/css">body{margin:0,padding:0}</style>


<!--[if gte IE 10]><!-->
<script>
  if (!navigator.cookieEnabled) {
    window.addEventListener('DOMContentLoaded', function () {
      var cookieEl = document.getElementById('cookie-alert'),
      cookieEl.style.display = 'block'
2,2,0,0,23429.600099999458, charset=UTF-8" />
<meta http-equiv="X-UA-Compatible" content="IE=Edge,chrome=1" />
<meta name="robots" content="noindex, nofollow" />
<meta name="viewport" content="width=device-width,initial-scale=1" />
<link rel="stylesheet" id="cf_styles-css" href="/cdn-cgi/styles/cf.errors.css" type="text/css" media="screen,projection" />
<!--[if lt IE 9]><link rel="stylesheet" id='cf_styles-ie-css' href="/cdn-cgi/styles/cf.errors.ie.css" type="text/css" media="screen,projection" /><![endif]-->
<style type="text/css">body{margin:0,padding:0}</style>


<!--[if gte IE 10]><!-->
<script>
  if (!navigator.cookieEnabled) {
    window.addEventListener('DOMContentLoaded', function () {
      var cookieEl = document.getElementById('cookie-alert'),
      cookieEl.style.display = 'block'
0,0,0,1,482.5740000009537,0,jpeg,1000x667
1,0,0,1,352.4591000005603,0,jpeg,1000x667
2,0,0,1,647.5777000002563,0,jpeg,1000x667
3,0,0,1,962.0420999992639,0,jpeg,1000x667
0,0,0,1,390.8252999987453,0,jpeg,1000x667
1,0,0,1,766.9449000004679,0,jpeg,1000x667
2,0,0,1,291.091099999845,0,jpeg,1000x667
3,0,0,1,384.2354999985546,0,jpeg,1000x667
4,0,0,1,357.58239999972284,0,jpeg,1000x667
5,0,0,1,504.0615999996662,0,jpeg,1000x667
6,0,0,1,477.7312000002712,0,jpeg,1000x667
7,0,0,1,336.3079000003636,0,jpeg,1000x667
8,0,0,1,502.57399999909103,0,jpeg,1000x667
9,0,0,1,385.48460000008345,0,jpeg,1000x667
10,0,0,1,316.3895999994129,0,jpeg,1000x667
11,0,0,1,515.1878999993205,0,jpeg,1000x667
12,0,1,1,994.1690000016242,0,jpeg,1000x667
13,0,1,1,716.6096999999136,0,jpeg,1000x667
14,0,1,1,327.51119999960065,0,jpeg,1000x667
0,0,0,1,1707.507400000468,448.122123000212,jpeg,1000x667
1,0,0,1,545.6231999993324,206.68900600005873,jpeg,1000x667
2,0,0,1,495.25980000011623,159.97231099987403,jpeg,1000x667
3,0,0,1,674.1891999989748,92.04295499995351,jpeg,1000x667
4,0,0,1,523.5546000003815,184.07389499992132,jpeg,1000x667
5,0,0,1,547.2410000003874,81.1252150000073,jpeg,1000x667
6,0,0,1,532.8134000003338,74.09605700010434,jpeg,1000x667
7,0,1,1,438.9887000005692,113.15500700008124,jpeg,1000x667
8,0,1,1,664.2484000008553,74.06817399989814,jpeg,1000x667
9,0,1,1,456.43240000121295,116.54705600021407,jpeg,1000x667
10,0,1,1,424.64439999870956,80.9676600000821,jpeg,1000x667
11,0,1,1,435.2357000000775,108.10159399989061,jpeg,1000x667
12,0,1,1,405.381400000304,77.62387399980798,jpeg,1000x667
13,0,1,1,451.0434000007808,126.93346400000155,jpeg,1000x667
14,0,1,1,407.3771999999881,79.00950699998066,jpeg,1000x667
15,0,1,1,435.8542999997735,93.97469300008379,jpeg,1000x667
16,0,1,1,430.03700000047684,98.69936600001529,jpeg,1000x667
17,0,1,1,430.8504000008106,104.19744900008664,jpeg,1000x667
18,0,1,1,517.570000000298,161.43022400001064,jpeg,1000x667
0,0,0,1,870.2420000005513,135.34909999929368,jpeg,1000x667
1,0,0,1,86.13700000010431,79.95949999988079,jpeg,1000x667
2,0,0,1,61.15499999932945,56.52330000139773,jpeg,1000x667
3,0,0,1,58.09370000101626,50.785400001332164,jpeg,1000x667
4,0,0,1,57.46309999935329,41.45870000123978,jpeg,1000x667
5,0,0,1,38.858899999409914,33.89439999870956,jpeg,1000x667
6,0,0,1,41.24310000054538,36.50799999944866,jpeg,1000x667
7,0,0,1,40.24699999950826,35.73609999939799,jpeg,1000x667
8,0,0,1,62.048200000077486,57.57420000061393,jpeg,1000x667
9,0,0,1,38.56929999962449,34.10799999907613,jpeg,1000x667
10,0,0,1,38.26410000026226,33.66220000013709,jpeg,1000x667
11,0,0,1,37.59620000049472,33.32110000029206,jpeg,1000x667
12,0,0,1,39.68099999986589,33.79719999991357,jpeg,1000x667
13,0,0,1,65.61570000089705,60.86570000089705,jpeg,1000x667
14,0,0,1,39.74560000002384,35.28839999996126,jpeg,1000x667
15,0,0,1,37.99210000038147,33.653400000184774,jpeg,1000x667
16,0,0,1,38.491900000721216,34.1233000010252,jpeg,1000x667
17,0,0,1,40.45760000124574,34.98689999990165,jpeg,1000x667
18,0,0,1,70.52579999901354,64.5958999991417,jpeg,1000x667
19,0,0,1,43.39629999920726,38.615100000053644,jpeg,1000x667
20,0,0,1,42.28740000165999,36.55659999884665,jpeg,1000x667
21,0,0,1,38.89819999970496,34.290300000458956,jpeg,1000x667
22,0,0,1,39.98469999991357,34.361500000581145,jpeg,1000x667
23,0,0,1,68.26619999855757,63.043899999931455,jpeg,1000x667
24,0,0,1,42.36659999936819,37.47279999963939,jpeg,1000x667
25,0,0,1,40.14350000023842,33.81579999998212,jpeg,1000x667
26,0,0,1,39.160700000822544,34.99420000053942,jpeg,1000x667
27,0,0,1,39.29549999907613,33.673700001090765,jpeg,1000x667
28,0,0,1,60.462600000202656,55.86189999990165,jpeg,1000x667
29,0,0,1,41.12250000052154,36.98530000075698,jpeg,1000x667
30,0,0,1,38.22770000062883,33.537399999797344,jpeg,1000x667
31,0,0,1,38.50320000015199,33.738499999046326,jpeg,1000x667
32,0,0,1,38.898299999535084,33.66060000099242,jpeg,1000x667
33,0,0,1,66.5700999982655,61.06210000067949,jpeg,1000x667
34,0,0,1,41.17950000055134,36.394199999049306,jpeg,1000x667
35,0,0,1,38.71949999965727,33.86610000021756,jpeg,1000x667
36,0,0,1,38.31320000067353,32.95900000073016,jpeg,1000x667
37,0,0,1,39.189200000837445,33.44510000012815,jpeg,1000x667
38,0,0,1,72.70739999972284,67.92040000110865,jpeg,1000x667
39,0,0,1,41.51360000111163,36.76250000111759,jpeg,1000x667
40,0,0,1,40.360999999567866,35.069699998945,jpeg,1000x667
41,0,0,1,39.57809999957681,33.93140000104904,jpeg,1000x667
42,0,0,1,38.67070000059903,33.1742000002414,jpeg,1000x667
43,0,0,1,71.88410000130534,67.21020000055432,jpeg,1000x667
44,0,0,1,39.50789999961853,35.5738999992609,jpeg,1000x667
0,0,0,0,155.23789999820292,82.13760000094771,jpeg,640x960
1,0,0,0,120.4543999992311,65.88099999912083,jpeg,640x960
2,0,0,0,116.69009999930859,99.84140000119805,jpeg,640x960
3,0,0,0,99.66279999911785,91.53979999944568,jpeg,640x960
4,0,0,0,80.97539999894798,76.02590000070632,jpeg,640x960
5,0,0,0,160.93640000000596,104.04050000011921,jpeg,640x960
6,0,0,0,87.26280000060797,81.97540000081062,jpeg,640x960
7,0,0,0,86.08559999987483,81.17899999953806,jpeg,640x960
8,0,0,0,83.35490000061691,78.37890000082552,jpeg,640x960
9,0,0,0,82.51169999875128,77.46679999865592,jpeg,640x960
10,0,0,0,74.37150000035763,69.28129999898374,jpeg,640x960
11,0,0,0,88.77510000020266,84.29609999991953,jpeg,640x960
12,0,0,0,74.55920000001788,69.92430000007153,jpeg,640x960
13,0,0,0,89.66500000096858,84.65759999863803,jpeg,640x960
14,0,0,0,75.64099999889731,70.1965999994427,jpeg,640x960
15,0,0,0,86.0589000005275,80.72580000013113,jpeg,640x960
16,0,0,0,77.13250000029802,72.0022999998182,jpeg,640x960
17,0,0,0,89.41300000064075,83.5942000001669,jpeg,640x960
18,0,0,0,75.83479999937117,71.22219999879599,jpeg,640x960
19,0,0,0,87.93980000168085,80.92740000039339,jpeg,640x960
20,0,0,0,74.89649999886751,70.60380000062287,jpeg,640x960
21,0,0,0,89.01500000059605,84.22489999979734,jpeg,640x960
22,0,0,0,75.54270000010729,70.40919999964535,jpeg,640x960
23,0,0,0,72.01209999993443,66.71169999986887,jpeg,640x960
24,0,0,0,72.95170000009239,68.04639999940991,jpeg,640x960
25,0,0,0,71.76209999993443,67.20779999904335,jpeg,640x960
26,0,0,0,103.64259999990463,87.94260000064969,jpeg,640x960
27,0,0,0,73.6376999989152,68.97120000049472,jpeg,640x960
28,0,0,0,71.82679999992251,67.20940000005066,jpeg,640x960
29,0,0,0,73.07750000059605,69.0012999996543,jpeg,640x960
30,0,0,0,88.35730000026524,83.79030000045896,jpeg,640x960
31,0,0,0,78.4566999990493,72.15259999968112,jpeg,640x960
32,0,0,0,71.6304999999702,67.19689999893308,jpeg,640x960
33,0,0,0,71.84439999982715,66.4692000001669,jpeg,640x960
34,0,0,0,71.61710000038147,66.55099999904633,jpeg,640x960
35,0,0,0,103.17449999973178,86.14919999986887,jpeg,640x960
36,0,0,0,73.88169999979436,69.15679999999702,jpeg,640x960
37,0,0,0,71.74340000003576,67.37650000117719,jpeg,640x960
38,0,0,0,73.58630000054836,67.74790000170469,jpeg,640x960
39,0,0,0,95.98270000144839,90.88900000043213,jpeg,640x960
40,0,0,0,78.59620000049472,73.32309999875724,jpeg,640x960
41,0,0,0,74.06460000015795,68.97360000014305,jpeg,640x960
42,0,0,0,73.8902000002563,67.49950000084937,jpeg,640x960
43,0,0,0,72.93999999947846,67.71059999987483,jpeg,640x960
44,0,0,0,99.15010000020266,82.08490000106394,jpeg,640x960
45,0,0,0,76.79409999959171,71.43420000001788,jpeg,640x960
46,0,0,0,75.85549999959767,70.16269999928772,jpeg,640x960
47,0,0,0,73.2723999992013,67.55810000002384,jpeg,640x960
48,0,0,0,93.14140000008047,87.84369999915361,jpeg,640x960
49,0,0,0,85.21389999985695,78.70910000056028,jpeg,640x960
50,0,0,0,122.28179999999702,69.70339999906719,jpeg,640x960
51,0,0,0,73.20589999854565,67.267100000754,jpeg,640x960
52,0,0,0,71.29409999959171,66.09180000051856,jpeg,640x960
53,0,0,0,103.72440000064671,86.94199999980628,jpeg,640x960
54,0,0,0,81.03509999997914,70.68050000071526,jpeg,640x960
55,0,0,0,73.05339999869466,66.90640000067651,jpeg,640x960
56,0,0,0,71.55880000069737,66.17029999941587,jpeg,640x960
57,0,0,0,88.98460000008345,84.00200000032783,jpeg,640x960
58,0,0,0,79.18680000118911,73.95930000022054,jpeg,640x960
0,0,0,1,58.26080000028014,40.22440000064671,jpeg,1000x667
1,0,0,1,45.3827999997884,40.40510000102222,jpeg,1000x667
2,0,0,1,45.800400000065565,41.5304000005126,jpeg,1000x667
3,0,0,1,38.16819999925792,33.865699999034405,jpeg,1000x667
4,0,0,1,71.18319999985397,65.17930000089109,jpeg,1000x667
5,0,0,1,49.52350000105798,44.06240000016987,jpeg,1000x667
6,0,0,1,70.24019999988377,65.53309999965131,jpeg,1000x667
7,0,0,1,59.33999999985099,50.04570000059903,jpeg,1000x667
8,0,0,1,49.83990000002086,43.61919999867678,jpeg,1000x667
9,0,0,1,85.43630000017583,58.161299999803305,jpeg,1000x667
10,0,0,1,55.80360000021756,51.267099998891354,jpeg,1000x667
11,0,0,1,42.077200001105666,36.61409999988973,jpeg,1000x667
12,0,0,1,41.26820000074804,35.70839999988675,jpeg,1000x667
13,0,0,1,65.10279999859631,59.567200001329184,jpeg,1000x667
14,0,0,1,53.814799999818206,38.22399999946356,jpeg,1000x667
15,0,0,1,38.793600000441074,34.1019999999553,jpeg,1000x667
16,0,0,1,37.93420000001788,33.8564000017941,jpeg,1000x667
17,0,0,1,61.908800000324845,55.06230000033975,jpeg,1000x667
18,0,0,1,42.75840000063181,37.4054000005126,jpeg,1000x667
19,0,0,1,39.94639999978244,35.465099999681115,jpeg,1000x667
20,0,0,1,57.763199999928474,53.48020000010729,jpeg,1000x667
21,0,0,1,42.2027000002563,37.09539999999106,jpeg,1000x667
22,0,0,1,38.06900000013411,33.837600000202656,jpeg,1000x667
23,0,0,1,57.89049999974668,53.21099999919534,jpeg,1000x667
24,0,0,1,44.94519999995828,38.40699999965727,jpeg,1000x667
25,0,0,1,38.14839999936521,34.427099999040365,jpeg,1000x667
26,0,0,1,39.16199999861419,33.69610000029206,jpeg,1000x667
27,0,0,1,40.99110000021756,36.81970000080764,jpeg,1000x667
28,0,0,1,70.39900000020862,66.33080000057817,jpeg,1000x667
29,0,0,1,40.2140999995172,36.450100000947714,jpeg,1000x667
30,0,0,1,39.106399999931455,34.65510000102222,jpeg,1000x667
31,0,0,1,39.807499999180436,35.27019999921322,jpeg,1000x667
32,0,0,1,43.722100000828505,38.037699999287724,jpeg,1000x667
33,0,0,1,67.65219999849796,63.45329999923706,jpeg,1000x667
34,0,0,1,40.28079999983311,35.59210000000894,jpeg,1000x667
35,0,0,1,38.58999999985099,33.762900000438094,jpeg,1000x667
36,0,0,1,38.06399999931455,33.82179999910295,jpeg,1000x667
37,0,0,1,40.69249999895692,35.96140000037849,jpeg,1000x667
38,0,0,1,64.37759999930859,59.36739999987185,jpeg,1000x667
39,0,0,1,41.786599999293685,37.47250000014901,jpeg,1000x667
40,0,0,1,41.149800000712276,36.417500000447035,jpeg,1000x667
41,0,0,1,38.80169999971986,34.03099999949336,jpeg,1000x667
42,0,0,1,41.58500000089407,36.23560000024736,jpeg,1000x667
43,0,0,1,69.78910000063479,65.35149999894202,jpeg,1000x667
44,0,0,1,41.49310000054538,37.25180000066757,jpeg,1000x667
45,0,0,1,38.044700000435114,34.21810000017285,jpeg,1000x667
46,0,0,1,38.26069999858737,34.10920000076294,jpeg,1000x667
47,0,0,1,40.03529999963939,36.19100000150502,jpeg,1000x667
48,0,0,1,70.34489999897778,65.85279999859631,jpeg,1000x667
49,0,0,1,40.65160000137985,35.97770000062883,jpeg,1000x667
50,0,0,1,38.67379999905825,33.712600000202656,jpeg,1000x667
51,0,0,1,39.788799999281764,34.72390000149608,jpeg,1000x667
52,0,0,1,39.99170000106096,35.86559999920428,jpeg,1000x667
53,0,0,1,69.53729999996722,65.10840000025928,jpeg,1000x667
54,0,0,1,44.86280000023544,37.490100000053644,jpeg,1000x667
55,0,0,1,40.82980000041425,34.0625,jpeg,1000x667
56,0,0,1,38.603900000452995,33.75389999896288,jpeg,1000x667
57,0,0,1,40.4258999992162,36.252000000327826,jpeg,1000x667
58,0,0,1,68.2960000000894,64.3432999998331,jpeg,1000x667
59,0,0,1,41.32010000012815,36.9847999997437,jpeg,1000x667
60,0,0,1,38.73109999857843,35.046500001102686,jpeg,1000x667
61,0,0,1,39.19890000112355,34.7749000005424,jpeg,1000x667
62,0,0,1,41.34610000066459,36.461399998515844,jpeg,1000x667
63,0,0,1,72.9844000004232,68.04439999908209,jpeg,1000x667
64,0,0,1,40.12379999831319,35.96210000105202,jpeg,1000x667
65,0,0,1,39.625,34.645800000056624,jpeg,1000x667
66,0,0,1,38.82160000130534,34.076500000432134,jpeg,1000x667
67,0,0,1,41.65550000034273,37.434999998658895,jpeg,1000x667
68,0,0,1,73.41689999960363,69.37179999984801,jpeg,1000x667
69,0,0,1,40.76789999939501,36.28800000064075,jpeg,1000x667
70,0,0,1,39.156300000846386,34.18349999934435,jpeg,1000x667
71,0,0,1,38.55970000103116,34.07660000026226,jpeg,1000x667
72,0,0,1,40.809999998658895,36.16359999962151,jpeg,1000x667
73,0,0,1,72.4225000012666,67.9922000002116,jpeg,1000x667
74,0,0,1,41.17680000141263,36.67100000008941,jpeg,1000x667
75,0,0,1,38.760400000959635,34.275699999183416,jpeg,1000x667
76,0,0,1,39.97369999997318,35.400399999693036,jpeg,1000x667
77,0,0,1,40.81719999946654,35.99870000034571,jpeg,1000x667
78,0,0,1,67.67109999991953,63.76249999925494,jpeg,1000x667
79,0,0,1,39.15609999932349,35.22650000080466,jpeg,1000x667
80,0,0,1,38.89460000023246,33.887399999424815,jpeg,1000x667
81,0,0,1,39.99060000106692,35.84959999844432,jpeg,1000x667
82,0,0,1,40.90430000051856,35.91240000165999,jpeg,1000x667
83,0,0,1,70.82839999906719,66.06769999861717,jpeg,1000x667
84,0,0,1,39.97089999914169,35.505300000309944,jpeg,1000x667
85,0,0,1,38.77439999952912,34.36130000092089,jpeg,1000x667
86,0,0,1,39.55229999870062,35.07880000025034,jpeg,1000x667
87,0,0,1,41.28150000050664,37.05840000137687,jpeg,1000x667
88,0,0,1,72.75430000014603,68.16829999908805,jpeg,1000x667
89,0,0,1,40.358599999919534,35.93229999952018,jpeg,1000x667
90,0,0,1,38.82230000011623,34.088400000706315,jpeg,1000x667
91,0,0,1,37.75520000047982,33.43420000001788,jpeg,1000x667
92,0,0,1,39.83520000055432,35.779799999669194,jpeg,1000x667
93,0,0,1,65.61409999988973,61.167200000956655,jpeg,1000x667
94,0,0,1,39.268600000068545,35.159900000318885,jpeg,1000x667
95,0,0,1,38.232899999246,34.10899999924004,jpeg,1000x667
96,0,0,1,39.066199999302626,34.583300000056624,jpeg,1000x667
97,0,0,1,41.554900001734495,36.430399999022484,jpeg,1000x667
98,0,0,1,70.71420000120997,63.0054999999702,jpeg,1000x667
99,0,0,1,40.786000000312924,35.76939999870956,jpeg,1000x667
100,0,0,1,38.8675999995321,33.99589999951422,jpeg,1000x667
101,0,0,1,37.818200001493096,34.11519999988377,jpeg,1000x667
102,0,0,1,39.71830000169575,35.89750000089407,jpeg,1000x667
103,0,0,1,70.1862000003457,66.16190000064671,jpeg,1000x667
104,0,0,1,39.902599999681115,36.174000000581145,jpeg,1000x667
105,0,0,1,38.492099998518825,34.11240000091493,jpeg,1000x667
106,0,1,1,38.17439999990165,34.10039999894798,jpeg,1000x667
107,0,1,1,40.87260000035167,36.23699999973178,jpeg,1000x667
108,0,1,1,68.24400000087917,63.61749999970198,jpeg,1000x667
109,0,1,1,40.097699999809265,35.58170000091195,jpeg,1000x667
110,0,1,1,38.68209999985993,34.27280000038445,jpeg,1000x667
111,0,1,1,38.92389999888837,34.34889999963343,jpeg,1000x667
112,0,1,1,40.11710000038147,35.898299999535084,jpeg,1000x667
113,0,1,1,81.0702999997884,76.86390000022948,jpeg,1000x667
114,0,1,1,40.21189999952912,35.77879999950528,jpeg,1000x667
115,0,1,1,38.219799999147654,33.624500000849366,jpeg,1000x667
116,0,1,1,38.02779999934137,34.08669999986887,jpeg,1000x667
117,0,1,1,41.29949999973178,36.18539999984205,jpeg,1000x667
118,0,1,1,65.97849999926984,62.02140000090003,jpeg,1000x667
119,0,1,1,43.85080000013113,36.910199999809265,jpeg,1000x667
120,0,1,1,38.04299999959767,34.378999998793006,jpeg,1000x667
121,0,1,1,38.100999999791384,34.293399998918176,jpeg,1000x667
122,0,1,1,41.674599999561906,36.5249000005424,jpeg,1000x667
123,0,1,1,66.73760000057518,62.28810000047088,jpeg,1000x667
124,0,1,1,40.839800000190735,36.09789999946952,jpeg,1000x667
125,0,1,1,37.96419999934733,33.32789999991655,jpeg,1000x667
126,0,1,1,37.80900000035763,33.991499999538064,jpeg,1000x667
127,0,1,1,40.740699999034405,36.74650000035763,jpeg,1000x667
128,0,1,1,69.34129999950528,65.26850000023842,jpeg,1000x667
129,0,1,1,40.0679999999702,36.51570000126958,jpeg,1000x667
130,0,1,1,42.67520000040531,35.80649999901652,jpeg,1000x667
131,0,1,1,39.121600000187755,33.802099999040365,jpeg,1000x667
132,0,1,1,40.028400000184774,36.2140999995172,jpeg,1000x667
133,0,1,1,68.19820000045002,64.42980000004172,jpeg,1000x667
134,0,1,1,40.473200000822544,36.51790000125766,jpeg,1000x667
135,0,1,1,38.75349999964237,34.13360000029206,jpeg,1000x667
136,0,1,1,38.00950000062585,34.07099999859929,jpeg,1000x667
137,0,1,1,40.26369999907911,36.26069999858737,jpeg,1000x667
138,0,1,1,68.51039999909699,64.46340000070632,jpeg,1000x667
139,0,1,1,41.47829999960959,36.59180000051856,jpeg,1000x667
140,0,1,1,39.09559999965131,35.15070000104606,jpeg,1000x667
141,0,1,1,37.5265999995172,33.994999999180436,jpeg,1000x667
142,0,1,1,40.927700001746416,36.308200001716614,jpeg,1000x667
143,0,1,1,68.17180000059307,64.12890000082552,jpeg,1000x667
144,0,1,1,39.711799999699,35.9320000000298,jpeg,1000x667
145,0,1,1,38.883799999952316,34.76930000074208,jpeg,1000x667
146,0,1,1,38.442500000819564,34.01549999974668,jpeg,1000x667
147,0,1,1,41.53099999949336,35.51620000042021,jpeg,1000x667
148,0,1,1,67.86519999988377,64.10129999928176,jpeg,1000x667
149,0,1,1,40.740399999544024,36.28219999931753,jpeg,1000x667
150,0,1,1,38.17710000090301,34.10139999911189,jpeg,1000x667
151,0,1,1,37.93589999899268,34.003699999302626,jpeg,1000x667
152,0,1,1,40.38990000076592,35.96040000021458,jpeg,1000x667
153,0,1,1,66.267100000754,62.42919999919832,jpeg,1000x667
154,0,1,1,43.61160000041127,37.40700000151992,jpeg,1000x667
155,0,1,1,39.46189999952912,34.145299999043345,jpeg,1000x667
156,0,1,1,37.497199999168515,33.81770000047982,jpeg,1000x667
157,0,1,1,39.79689999856055,35.438699999824166,jpeg,1000x667
158,0,1,1,70.38069999963045,66.36110000126064,jpeg,1000x667
159,0,1,1,41.79869999922812,37.554400000721216,jpeg,1000x667
160,0,1,1,38.02890000119805,34.07450000010431,jpeg,1000x667
161,0,1,1,38.91270000115037,35.100700000301,jpeg,1000x667
162,0,1,1,41.331300001591444,36.18129999935627,jpeg,1000x667
163,0,1,1,69.57419999875128,65.40789999999106,jpeg,1000x667
164,0,1,1,40.432199999690056,36.004200000315905,jpeg,1000x667
165,0,1,1,37.9336999990046,34.05409999936819,jpeg,1000x667
166,0,1,1,37.85769999958575,33.890800001099706,jpeg,1000x667
167,0,1,1,40.66569999977946,36.33720000088215,jpeg,1000x667
168,0,1,1,73.59909999929368,69.81380000151694,jpeg,1000x667
169,0,1,1,40.134900001809,36.34530000016093,jpeg,1000x667
170,0,1,1,39.22440000064671,35.02269999869168,jpeg,1000x667
171,0,1,1,38.17179999873042,34.194300001487136,jpeg,1000x667
172,0,1,1,41.29629999957979,36.526499999687076,jpeg,1000x667
173,0,1,1,74.58179999887943,69.45060000009835,jpeg,1000x667
174,0,1,1,40.82469999976456,36.95419999957085,jpeg,1000x667
175,0,1,1,37.74370000138879,34.21419999934733,jpeg,1000x667
176,0,1,1,39.19169999845326,34.9607000015676,jpeg,1000x667
177,0,1,1,41.07699999958277,36.612300001084805,jpeg,1000x667
178,0,1,1,70.46450000070035,66.28910000063479,jpeg,1000x667
179,0,1,1,41.03390000015497,36.185200000181794,jpeg,1000x667
180,0,1,1,38.291699999943376,33.83069999888539,jpeg,1000x667
181,0,1,1,39.10969999991357,35.09130000136793,jpeg,1000x667
182,0,1,1,40.33429999835789,36.09589999914169,jpeg,1000x667
183,0,1,1,67.73589999973774,63.844100000336766,jpeg,1000x667
184,0,1,1,39.918099999427795,35.609300000593066,jpeg,1000x667
185,0,1,1,38.72969999909401,34.51420000009239,jpeg,1000x667
186,0,1,1,40.334100000560284,33.938900001347065,jpeg,1000x667
187,0,1,1,40.55499999970198,35.80780000053346,jpeg,1000x667
188,0,1,1,66.23849999904633,62.320700000971556,jpeg,1000x667
189,0,1,1,38.65629999898374,34.69120000116527,jpeg,1000x667
190,0,1,1,37.30739999935031,33.62419999949634,jpeg,1000x667
191,0,1,1,37.94290000014007,33.90780000016093,jpeg,1000x667
192,0,1,1,39.93640000000596,35.99729999899864,jpeg,1000x667
193,0,1,1,71.35060000047088,67.67150000110269,jpeg,1000x667
194,0,1,1,39.78219999931753,36.27610000036657,jpeg,1000x667
195,0,1,1,38.66880000010133,34.33490000106394,jpeg,1000x667
196,0,1,1,39.03370000049472,34.402000000700355,jpeg,1000x667
197,0,1,1,39.690000001341105,35.6382999997586,jpeg,1000x667
198,0,1,1,80.70780000090599,76.8432999998331,jpeg,1000x667
199,0,1,1,42.78940000012517,37.40469999983907,jpeg,1000x667
200,0,1,1,38.59019999951124,34.13729999959469,jpeg,1000x667
201,0,1,1,39.00870000012219,33.9144999999553,jpeg,1000x667
202,0,1,1,39.74349999986589,35.924500001594424,jpeg,1000x667
203,0,1,1,63.35990000143647,59.71190000139177,jpeg,1000x667
204,0,1,1,39.15089999884367,35.29889999888837,jpeg,1000x667
205,0,1,1,39.215399999171495,34.497400000691414,jpeg,1000x667
206,0,1,1,38.131400000303984,34.281300000846386,jpeg,1000x667
207,0,1,1,41.786099998280406,37.24510000087321,jpeg,1000x667
208,0,1,1,65.41009999997914,61.2535999994725,jpeg,1000x667
209,0,1,1,39.942299999296665,35.9527000002563,jpeg,1000x667
210,0,1,1,39.39039999991655,34.587600000202656,jpeg,1000x667
211,0,1,1,38.47140000015497,34.10219999961555,jpeg,1000x667
212,0,1,1,43.249399999156594,36.51149999909103,jpeg,1000x667
213,0,1,1,66.25630000047386,62.482200000435114,jpeg,1000x667
214,0,1,1,39.68640000000596,35.80049999989569,jpeg,1000x667
215,0,1,1,38.89340000040829,34.20869999937713,jpeg,1000x667
0,0,0,1,168.96779999881983,62.4284000005573,jpeg,1000x667
1,0,0,1,58.131699999794364,51.861800000071526,jpeg,1000x667
2,0,0,1,80.52170000039041,60.90529999881983,jpeg,1000x667
3,0,0,1,41.13269999995828,36.985700000077486,jpeg,1000x667
4,0,0,1,55.57909999974072,50.72910000011325,jpeg,1000x667
5,0,0,1,41.36519999988377,36.80669999867678,jpeg,1000x667
6,0,0,1,56.889700001105666,52.22390000149608,jpeg,1000x667
7,0,0,1,42.78729999996722,36.43259999901056,jpeg,1000x667
8,0,0,1,58.22650000080466,52.50519999861717,jpeg,1000x667
9,0,0,1,42.888199999928474,37.43310000002384,jpeg,1000x667
10,0,0,1,54.36979999952018,50.24379999935627,jpeg,1000x667
11,0,0,1,43.40440000034869,38.73610000126064,jpeg,1000x667
12,0,0,1,56.85549999959767,52.37159999832511,jpeg,1000x667
13,0,0,1,45.21690000034869,40.400100000202656,jpeg,1000x667
14,0,0,1,55.71760000102222,51.49750000052154,jpeg,1000x667
15,0,0,1,43.559900000691414,39.242700001224875,jpeg,1000x667
16,0,0,1,41.08339999988675,34.86930000036955,jpeg,1000x667
17,0,0,1,39.96550000086427,35.35400000028312,jpeg,1000x667
18,0,0,1,38.85180000029504,34.78800000064075,jpeg,1000x667
19,0,0,1,74.55600000172853,69.90110000036657,jpeg,1000x667
20,0,0,1,43.107499999925494,38.55810000002384,jpeg,1000x667
21,0,0,1,43.55460000038147,37.65270000137389,jpeg,1000x667
22,0,0,1,39.266900001093745,34.26270000077784,jpeg,1000x667
23,0,0,1,39.317599998787045,34.989299999549985,jpeg,1000x667
24,0,0,1,73.30429999902844,68.35330000147223,jpeg,1000x667
25,0,0,1,42.26769999973476,37.40640000067651,jpeg,1000x667
26,0,0,1,38.857499999925494,34.6952999997884,jpeg,1000x667
27,0,0,1,39.20900000073016,34.03239999897778,jpeg,1000x667
28,0,0,1,39.733099998906255,35.5475000012666,jpeg,1000x667
29,0,0,1,68.8957000002265,63.764000000432134,jpeg,1000x667
30,0,0,1,40.80210000090301,35.988199999555945,jpeg,1000x667
31,0,0,1,40.1480000000447,34.71929999999702,jpeg,1000x667
32,0,0,1,38.55499999970198,33.7292999997735,jpeg,1000x667
33,0,0,1,40.026799999177456,34.158200001344085,jpeg,1000x667
34,0,0,1,70.52969999983907,66.08210000023246,jpeg,1000x667
35,0,0,1,40.47729999944568,36.30920000001788,jpeg,1000x667
36,0,0,1,38.48369999974966,34.39640000090003,jpeg,1000x667
37,0,0,1,40.45350000075996,35.523299999535084,jpeg,1000x667
38,0,0,1,38.28969999961555,34.16689999960363,jpeg,1000x667
39,0,0,1,64.52919999882579,59.94510000012815,jpeg,1000x667
40,0,0,1,43.17070000059903,38.17190000042319,jpeg,1000x667
41,0,0,1,38.6777999997139,34.117899999022484,jpeg,1000x667
42,0,0,1,38.33369999937713,33.786299999803305,jpeg,1000x667
43,0,0,1,38.32080000080168,34.185499999672174,jpeg,1000x667
44,0,0,1,65.51830000057817,60.90839999914169,jpeg,1000x667
45,0,0,1,52.58229999989271,48.38899999856949,jpeg,1000x667
46,0,0,1,44.488499999046326,39.13920000009239,jpeg,1000x667
47,0,0,1,38.40460000000894,33.95670000091195,jpeg,1000x667
48,0,0,1,38.46309999935329,33.90789999999106,jpeg,1000x667
49,0,0,1,68.04050000011921,63.72609999962151,jpeg,1000x667
50,0,0,1,41.354700000956655,36.96490000002086,jpeg,1000x667
51,0,0,1,38.56520000100136,33.88360000029206,jpeg,1000x667
52,0,0,1,38.714299999177456,34.24320000037551,jpeg,1000x667
53,0,0,1,37.94590000063181,34.09640000015497,jpeg,1000x667
54,0,0,1,69.60329999960959,63.27170000039041,jpeg,1000x667
55,0,0,1,41.9429999999702,37.48629999905825,jpeg,1000x667
56,0,0,1,38.82039999961853,34.63329999893904,jpeg,1000x667
57,0,0,1,39.35410000011325,33.89939999952912,jpeg,1000x667
58,0,0,1,38.346000000834465,33.72360000014305,jpeg,1000x667
59,0,0,1,66.9051999989897,62.42300000041723,jpeg,1000x667
60,0,0,1,40.8804999999702,36.60120000131428,jpeg,1000x667
61,0,0,1,38.17439999990165,34.14619999937713,jpeg,1000x667
62,0,0,1,39.0838000010699,34.76600000075996,jpeg,1000x667
63,0,0,1,38.35160000063479,34.64439999870956,jpeg,1000x667
64,0,0,1,69.7529999986291,65.13920000009239,jpeg,1000x667
65,0,0,1,41.942599998787045,37.41220000013709,jpeg,1000x667
66,0,0,1,38.795299999415874,34.510499998927116,jpeg,1000x667
67,0,0,1,38.20110000111163,33.9336999990046,jpeg,1000x667
68,0,0,1,38.40890000015497,34.27740000002086,jpeg,1000x667
69,0,0,1,68.98410000093281,64.45760000124574,jpeg,1000x667
70,0,0,1,41.15840000100434,37.22250000014901,jpeg,1000x667
71,0,0,1,37.6927999984473,33.97140000015497,jpeg,1000x667
72,0,0,1,39.36129999905825,35.16399999894202,jpeg,1000x667
73,0,0,1,38.21949999965727,33.934399999678135,jpeg,1000x667
74,0,0,1,64.38379999995232,59.41229999996722,jpeg,1000x667
75,0,0,1,41.73880000039935,37.723799999803305,jpeg,1000x667
76,0,0,1,39.409900000318885,34.11519999988377,jpeg,1000x667
77,0,0,1,38.59830000065267,34.52820000052452,jpeg,1000x667
78,0,0,1,38.48660000041127,34.1042999997735,jpeg,1000x667
79,0,0,1,66.16359999962151,62.41110000014305,jpeg,1000x667
80,0,0,1,41.211099999025464,37.07929999940097,jpeg,1000x667
81,0,0,1,38.565099999308586,34.450699999928474,jpeg,1000x667
82,0,0,1,38.03869999945164,34.309900000691414,jpeg,1000x667
83,0,0,1,38.40299999900162,33.94569999910891,jpeg,1000x667
84,0,0,1,72.67299999855459,68.69749999977648,jpeg,1000x667
85,0,0,1,41.59070000052452,37.462899999693036,jpeg,1000x667
86,0,0,1,38.71939999982715,33.84889999963343,jpeg,1000x667
87,0,0,1,38.58829999901354,34.70230000093579,jpeg,1000x667
88,0,0,1,37.92019999958575,33.570400001481175,jpeg,1000x667
89,0,0,1,70.35759999975562,66.41530000045896,jpeg,1000x667
90,0,0,1,42.3050999995321,37.8410000000149,jpeg,1000x667
91,0,0,1,38.50700000114739,33.89089999906719,jpeg,1000x667
92,0,0,1,38.97230000048876,34.417799999937415,jpeg,1000x667
93,0,0,1,38.53539999946952,34.03139999881387,jpeg,1000x667
94,0,0,1,66.4265000000596,61.92389999888837,jpeg,1000x667
95,0,0,1,41.67719999887049,36.44929999858141,jpeg,1000x667
96,0,0,1,38.03880000114441,33.93570000119507,jpeg,1000x667
97,0,0,1,38.60150000080466,34.36589999869466,jpeg,1000x667
98,0,0,1,39.06529999896884,34.18290000036359,jpeg,1000x667
99,0,0,1,68.52940000034869,64.4620000012219,jpeg,1000x667
100,0,0,1,41.598799999803305,37.819699998945,jpeg,1000x667
101,0,0,1,39.79490000009537,35.17190000042319,jpeg,1000x667
102,0,0,1,38.255099998787045,33.54450000077486,jpeg,1000x667
103,0,0,1,37.97419999912381,33.91899999976158,jpeg,1000x667
104,0,0,1,73.06400000117719,69.23640000075102,jpeg,1000x667
105,0,1,0,79.33449999988079,75.26720000058413,jpeg,640x960
106,0,1,0,72.10379999876022,67.84140000119805,jpeg,640x960
107,0,1,0,72.55529999919236,66.82049999944866,jpeg,640x960
108,0,1,0,88.52459999918938,83.77519999817014,jpeg,640x960
109,0,1,0,80.1123000010848,75.23219999857247,jpeg,640x960
110,0,1,0,75.4087999984622,70.94400000013411,jpeg,640x960
111,0,1,0,71.70159999839962,67.82869999855757,jpeg,640x960
112,0,1,0,72.69259999878705,66.89740000106394,jpeg,640x960
113,0,1,0,103.6929999999702,85.59379999898374,jpeg,640x960
114,0,1,0,76.40799999982119,71.4539999999106,jpeg,640x960
115,0,1,0,72.14220000058413,67.69839999824762,jpeg,640x960
116,0,1,0,72.17320000007749,66.9919999986887,jpeg,640x960
117,0,1,0,90.75430000014603,85.38679999858141,jpeg,640x960
118,0,1,0,80.5589000005275,73.68920000083745,jpeg,640x960
119,0,1,0,72.8167000003159,68.70930000022054,jpeg,640x960
120,0,1,0,71.4258999992162,67.24970000050962,jpeg,640x960
121,0,1,0,71.56680000014603,67.53289999999106,jpeg,640x960
122,0,1,0,100.663200000301,82.94579999893904,jpeg,640x960
123,0,1,0,75.47900000028312,71.48210000060499,jpeg,640x960
124,0,1,0,71.52380000054836,67.1684999987483,jpeg,640x960
125,0,1,0,70.98550000041723,66.73530000075698,jpeg,640x960
126,0,1,0,87.77290000021458,83.4089999999851,jpeg,640x960
127,0,1,0,81.02329999953508,74.4472000002861,jpeg,640x960
128,0,1,0,75.12679999880493,69.9737999998033,jpeg,640x960
129,0,1,0,73.84449999965727,67.41110000014305,jpeg,640x960
130,0,1,0,72.4187000002712,66.99919999949634,jpeg,640x960
131,0,1,0,100.65190000087023,82.76479999907315,jpeg,640x960
132,0,1,0,76.40059999935329,71.71760000102222,jpeg,640x960
133,0,1,0,71.59950000047684,66.92659999988973,jpeg,640x960
134,0,1,0,71.95110000111163,67.353900000453,jpeg,640x960
135,0,1,0,90.28859999962151,85.85249999910593,jpeg,640x960
136,0,1,0,80.20189999975264,74.09019999951124,jpeg,640x960
137,0,1,0,74.81850000098348,70.49249999970198,jpeg,640x960
138,0,1,0,73.56079999916255,68.39479999989271,jpeg,640x960
139,0,1,0,72.47489999979734,67.3179999999702,jpeg,640x960
140,0,1,0,104.27580000087619,86.5175000000745,jpeg,640x960
141,0,1,0,77.55800000019372,72.51690000109375,jpeg,640x960
142,0,1,0,73.91689999960363,69.44350000098348,jpeg,640x960
143,0,1,0,72.80560000054538,67.86450000107288,jpeg,640x960
144,0,1,0,89.92009999975562,85.16899999976158,jpeg,640x960
145,0,1,0,79.9128000009805,74.37209999933839,jpeg,640x960
146,0,1,0,74.61820000037551,69.96890000067651,jpeg,640x960
147,0,1,0,74.02219999954104,68.4167999997735,jpeg,640x960
148,0,1,0,73.81170000135899,68.37430000118911,jpeg,640x960
149,0,1,0,102.08019999973476,82.94880000129342,jpeg,640x960
150,0,1,0,77.4786999989301,72.54059999994934,jpeg,640x960
151,0,1,0,78.69350000098348,73.53979999944568,jpeg,640x960
152,0,1,0,78.96609999984503,72.00439999997616,jpeg,640x960
153,0,1,0,91.4909000005573,86.32909999974072,jpeg,640x960
154,0,1,0,79.66589999943972,74.24100000038743,jpeg,640x960
155,0,1,0,73.70480000041425,69.01759999990463,jpeg,640x960
156,0,1,0,71.61799999885261,66.69309999980032,jpeg,640x960
157,0,1,0,72.45749999955297,67.07300000078976,jpeg,640x960
158,0,1,0,105.2166000008583,80.91190000064671,jpeg,640x960
159,0,1,0,76.02769999951124,70.76009999960661,jpeg,640x960
160,0,1,0,73.49289999902248,68.07309999875724,jpeg,640x960
161,0,1,0,72.15529999881983,67.22709999978542,jpeg,640x960
162,0,1,0,89.65870000049472,85.09720000065863,jpeg,640x960
163,0,1,0,90.21609999984503,83.38489999994636,jpeg,640x960
164,0,1,0,74.18389999866486,69.5262000001967,jpeg,640x960
165,0,1,0,71.43130000121891,66.899299999699,jpeg,640x960
166,0,1,0,72.67939999885857,68.18319999985397,jpeg,640x960
167,0,1,0,102.0625,84.87550000101328,jpeg,640x960
0,0,0,0,2118.2536999993026,1962.2491999994963,jpeg,5390x3648
1,0,0,0,1988.6555000003427,1969.9361000005156,jpeg,5390x3648
2,0,0,0,1919.6030999999493,1807.879999998957,jpeg,5390x3648
0,0,0,1,2309.716699998826,418.2019149999833,jpeg,1000x667
1,0,0,1,853.5035999994725,216.1418049999047,jpeg,1000x667
2,0,0,1,790.6232999991626,143.31158300000243,jpeg,1000x667
3,0,0,1,763.3863999992609,124.757634999929,jpeg,1000x667
4,0,0,1,709.4186000004411,74.81599700008519,jpeg,1000x667
0,0,0,0,9530.38069999963,5800.3336359999375,jpeg,5390x3648
0,0,0,2701.883500000462,507.8425879999995,jpeg,640x960,failure1,0,0,1401.7313000001013,333.3857169999974,jpeg,640x960,failure2,0,0,1156.3046000003815,197.88520399993286,jpeg,640x960,failure0,0,0,378.7386999987066,102.24849999882281,jpeg,1000x667,success
1,0,0,60.43669999949634,47.87229999899864,jpeg,1000x667,success
2,0,0,62.120299998670816,57.49139999970794,jpeg,1000x667,success
3,0,0,55.86730000004172,50.8542999997735,jpeg,1000x667,success
4,0,0,48.83830000087619,43.61670000106096,jpeg,1000x667,success
5,0,0,38.5,34.17129999957979,jpeg,1000x667,success
6,0,0,52.932799998670816,48.7749000005424,jpeg,1000x667,success
7,0,0,39.84150000102818,34.74949999898672,jpeg,1000x667,success
8,0,0,52.665000000968575,47.38509999960661,jpeg,1000x667,success
9,0,0,40.07809999957681,35.60410000011325,jpeg,1000x667,success
10,0,0,53.55460000038147,49.12289999984205,jpeg,1000x667,success
11,0,0,39.613199999555945,35.434699999168515,jpeg,1000x667,success
12,0,0,56.95590000040829,52.5401000007987,jpeg,1000x667,success
13,0,0,39.418399998918176,35.27579999901354,jpeg,1000x667,success
14,0,0,54.433299999684095,50.24530000053346,jpeg,1000x667,success
15,0,0,39.30159999988973,35.21580000035465,jpeg,1000x667,success
16,0,0,54.27019999921322,49.404799999669194,jpeg,1000x667,success
17,0,0,43.33619999885559,37.829700000584126,jpeg,1000x667,success
18,0,0,42.60600000061095,37.442800000309944,jpeg,1000x667,success
19,0,0,47.66899999976158,42.630000000819564,jpeg,1000x667,success
20,0,0,70.47550000064075,50.666999999433756,jpeg,1000x667,success
21,0,0,45.68640000000596,40.21270000003278,jpeg,1000x667,success
22,0,0,56.59500000067055,49.01259999908507,jpeg,1000x667,success
23,0,0,46.99899999983609,39.702399998903275,jpeg,1000x667,success
24,0,0,62.65819999948144,57.971899999305606,jpeg,1000x667,success
25,0,0,40.107799999415874,35.42600000090897,jpeg,1000x667,success
26,0,0,38.68129999935627,34.1875,jpeg,1000x667,success
27,0,0,39.20399999991059,34.63439999893308,jpeg,1000x667,success
28,0,0,38.21209999918938,34.25040000118315,jpeg,1000x667,success
29,0,0,58.77040000073612,55.22030000016093,jpeg,1000x667,success
30,0,0,39.14269999973476,35.3338000010699,jpeg,1000x667,success
31,0,0,38.360299998894334,34.234300000593066,jpeg,1000x667,success
32,0,0,37.87930000014603,33.98719999939203,jpeg,1000x667,success
33,0,0,38.354199999943376,33.936300000175834,jpeg,1000x667,success
34,0,0,68.15440000034869,63.69429999962449,jpeg,1000x667,success
35,0,0,41.167500000447035,36.6247999984771,jpeg,1000x667,success
36,0,0,38.15059999935329,33.493599999696016,jpeg,1000x667,success
37,0,0,37.60520000010729,33.04590000025928,jpeg,1000x667,success
38,0,0,39.86820000037551,35.17740000039339,jpeg,1000x667,success
39,0,0,63.800100000575185,59.312000000849366,jpeg,1000x667,success
40,0,0,40.92200000025332,35.84019999951124,jpeg,1000x667,success
41,0,0,38.764700001105666,34.150100000202656,jpeg,1000x667,success
42,0,0,37.20380000025034,33.60160000063479,jpeg,1000x667,success
43,0,0,37.03339999914169,33.09640000015497,jpeg,1000x667,success
44,0,0,71.1019999999553,67.20260000042617,jpeg,1000x667,success
45,0,0,41.30579999834299,36.51149999909103,jpeg,1000x667,success
46,0,0,37.89770000055432,33.20170000009239,jpeg,1000x667,success
47,0,0,37.198700001463294,32.90139999985695,jpeg,1000x667,success
48,0,0,37.58799999952316,33.07190000079572,jpeg,1000x667,success
49,0,0,64.14660000056028,60.44789999909699,jpeg,1000x667,success
50,0,0,40.260400000959635,35.83799999952316,jpeg,1000x667,success
51,0,0,37.289899999275804,33.610700000077486,jpeg,1000x667,success
52,0,0,36.96799999848008,33.14049999974668,jpeg,1000x667,success
53,0,0,36.822399999946356,33.006999999284744,jpeg,1000x667,success
54,0,0,71.34709999896586,64.69700000062585,jpeg,1000x667,success
55,0,0,39.708899999037385,35.298700001090765,jpeg,1000x667,success
56,0,0,38.435600001364946,34.06199999898672,jpeg,1000x667,success
57,0,0,38.19079999998212,33.41579999960959,jpeg,1000x667,success
58,0,0,36.4925999995321,32.94840000011027,jpeg,1000x667,success
59,0,0,66.3730999995023,62.459999999031425,jpeg,1000x667,success
60,0,0,39.95480000041425,35.74279999919236,jpeg,1000x667,success
61,0,0,38.14039999991655,33.60300000011921,jpeg,1000x667,success
62,0,0,36.880599999800324,33.02470000088215,jpeg,1000x667,success
63,0,0,36.887600000947714,32.84320000000298,jpeg,1000x667,success
64,0,0,65.00339999981225,61.231699999421835,jpeg,1000x667,success
65,0,0,39.88090000115335,35.69539999961853,jpeg,1000x667,success
66,0,0,37.18500000052154,33.63950000144541,jpeg,1000x667,success
67,0,0,37.58180000074208,33.32069999910891,jpeg,1000x667,success
68,0,0,37.38230000063777,33.28330000117421,jpeg,1000x667,success
69,0,0,65.16300000064075,60.072900000959635,jpeg,1000x667,success
70,0,0,40.94070000015199,36.42469999939203,jpeg,1000x667,success
71,0,0,37.50769999995828,33.67389999888837,jpeg,1000x667,success
72,0,0,37.16080000065267,33.666100000962615,jpeg,1000x667,success
73,0,0,37.8027999997139,33.42160000093281,jpeg,1000x667,success
74,0,0,64.06460000015795,60.13399999961257,jpeg,1000x667,success
75,0,0,39.15249999985099,35.29420000128448,jpeg,1000x667,success
76,0,0,37.54749999940395,33.31639999896288,jpeg,1000x667,success
77,0,0,36.85969999991357,32.681799998506904,jpeg,1000x667,success
78,0,0,37.708300000056624,33.44730000011623,jpeg,1000x667,success
79,0,0,65.75109999999404,61.723200000822544,jpeg,1000x667,success
80,0,0,39.65819999948144,35.78479999862611,jpeg,1000x667,success
81,0,0,37.56179999932647,33.69319999963045,jpeg,1000x667,success
82,0,0,37.656499998643994,33.40849999897182,jpeg,1000x667,success
83,0,0,37.403400000184774,32.81689999997616,jpeg,1000x667,success
84,0,0,67.65650000050664,63.10730000026524,jpeg,1000x667,success
85,0,0,40.54109999909997,35.47420000098646,jpeg,1000x667,success
86,0,0,37.30790000036359,33.18180000036955,jpeg,1000x667,success
87,0,0,37.280899999663234,33.3312999997288,jpeg,1000x667,success
88,0,0,36.91030000150204,32.87319999933243,jpeg,1000x667,success
89,0,0,65.29930000007153,61.3445999994874,jpeg,1000x667,success
90,0,0,40.76300000026822,36.2105000000447,jpeg,1000x667,success
91,0,0,37.36580000072718,33.41190000064671,jpeg,1000x667,success
92,0,0,37.03099999949336,33.16289999894798,jpeg,1000x667,success
93,0,0,37.034300001338124,33.44810000061989,jpeg,1000x667,success
94,0,0,64.61280000023544,60.808599999174476,jpeg,1000x667,success
95,0,0,40.0132999997586,35.94899999909103,jpeg,1000x667,success
96,0,0,38.21890000067651,34.339599998667836,jpeg,1000x667,success
97,0,0,38.12069999985397,33.5948000010103,jpeg,1000x667,success
98,0,0,37.36309999972582,33.34449999965727,jpeg,1000x667,success
99,0,0,65.99879999831319,61.78919999860227,jpeg,1000x667,success
100,0,0,42.42810000106692,38.08119999989867,jpeg,1000x667,success
101,0,0,38.18690000101924,33.902300000190735,jpeg,1000x667,success
102,0,0,38.88500000163913,33.85820000059903,jpeg,1000x667,success
103,0,0,37.8348999992013,33.48619999922812,jpeg,1000x667,success
104,0,1,741.6098999995738,719.3001000005752,jpeg,1920x2879,failure105,0,1,792.2415999993682,755.0324000008404,jpeg,1920x2879,failure106,0,1,794.740700000897,787.6511000003666,jpeg,1920x2879,failure107,0,1,866.5895000007004,792.2093000002205,jpeg,1920x2879,failure108,0,1,848.9314999990165,840.5783999990672,jpeg,1920x2879,failure109,0,1,869.2789999991655,794.3081000000238,jpeg,1920x2879,failure110,0,1,835.0049000009894,828.3325000014156,jpeg,1920x2879,failure111,0,2,1381.4756000004709,1283.3110000006855,jpeg,2400x3598,failure112,0,2,1332.2228999994695,1279.082499999553,jpeg,2400x3598,failure113,0,2,1218.5840999986976,1210.761800000444,jpeg,2400x3598,failure114,0,2,1394.5952000003308,1283.707499999553,jpeg,2400x3598,failure115,0,3,5369.593499999493,5298.920800000429,jpeg,5304x7952,failure116,0,4,1952.7367000002414,1878.3741999994963,jpeg,5390x3648,failure117,0,4,1758.175699999556,1749.2431000005454,jpeg,5390x3648,failure118,0,4,1932.5970999989659,1822.0090999994427,jpeg,5390x3648,failure119,0,5,332.4401999991387,114.91459999978542,jpeg,640x960,failure120,0,5,71.56650000065565,66.56520000100136,jpeg,640x960,failure121,0,5,71.46289999969304,66.53449999913573,jpeg,640x960,failure122,0,5,71.9427999984473,67.39369999989867,jpeg,640x960,failure123,0,5,95.15859999880195,90.76240000128746,jpeg,640x960,failure124,0,5,73.56240000016987,68.83990000002086,jpeg,640x960,failure125,0,5,70.4248000010848,66.13209999911487,jpeg,640x960,failure126,0,5,70.8898000009358,66.04400000162423,jpeg,640x960,failure127,0,5,71.85280000045896,67.71700000017881,jpeg,640x960,failure128,0,5,94.05430000089109,77.88700000010431,jpeg,640x960,failure129,0,5,72.47910000011325,67.9640999995172,jpeg,640x960,failure130,0,5,70.9737999998033,66.46490000002086,jpeg,640x960,failure131,0,5,71.18989999964833,67.21099999919534,jpeg,640x960,failure132,0,5,88.25259999930859,83.70069999992847,jpeg,640x960,failure133,0,5,76.13059999980032,70.58310000039637,jpeg,640x960,failure134,0,5,71.50569999963045,67.23659999854863,jpeg,640x960,failure135,0,5,70.05670000053942,65.98279999941587,jpeg,640x960,failure136,0,5,71.56400000117719,66.49320000037551,jpeg,640x960,failure137,0,5,162.39230000041425,102.91589999943972,jpeg,640x960,failure138,0,5,126.0910000000149,115.39839999936521,jpeg,640x960,failure139,0,5,122.71690000034869,116.78199999965727,jpeg,640x960,failure140,0,5,132.91369999945164,109.63310000114143,jpeg,640x960,failure141,0,5,136.77449999935925,129.3776999991387,jpeg,640x960,failure142,0,5,121.74970000050962,116.13499999977648,jpeg,640x960,failure143,0,5,110.36859999969602,105.99980000033975,jpeg,640x960,failure144,0,5,71.62550000101328,67.79189999960363,jpeg,640x960,failure145,0,5,70.79759999923408,66.72209999896586,jpeg,640x960,failure146,0,5,95.41660000011325,80.08449999988079,jpeg,640x960,failure147,0,5,72.416400000453,68.30610000155866,jpeg,640x960,failure148,0,5,71.68930000066757,67.18339999951422,jpeg,640x960,failure149,0,5,70.41430000029504,66.05290000140667,jpeg,640x960,failure150,0,5,91.43679999932647,86.8691000007093,jpeg,640x960,failure151,0,5,76.23770000040531,70.83830000087619,jpeg,640x960,failure152,0,5,69.9550000000745,65.96140000037849,jpeg,640x960,failure153,0,5,70.013900000602,65.99139999970794,jpeg,640x960,failure154,0,5,70.86800000071526,66.14699999988079,jpeg,640x960,failure155,0,5,98.09750000014901,80.34779999963939,jpeg,640x960,failure156,0,5,73.37640000134706,68.4193000011146,jpeg,640x960,failure157,0,5,71.93700000084937,67.3642000015825,jpeg,640x960,failure158,0,5,70.77520000003278,65.99780000001192,jpeg,640x960,failure159,0,5,89.2975000012666,84.67789999954402,jpeg,640x960,failure160,0,5,78.13410000130534,72.54419999942183,jpeg,640x960,failure161,0,5,72.48689999990165,67.38730000145733,jpeg,640x960,failure162,0,5,70.80389999970794,66.37250000052154,jpeg,640x960,failure163,0,5,71.17320000007749,66.44579999893904,jpeg,640x960,failure164,0,5,103.30390000157058,87.22269999980927,jpeg,640x960,failure165,0,5,73.33650000020862,68.61309999972582,jpeg,640x960,failure166,0,5,70.05849999934435,66.09989999979734,jpeg,640x960,failure167,0,5,69.81689999997616,65.77460000105202,jpeg,640x960,failure168,0,5,87.44400000013411,83.4533000010997,jpeg,640x960,failure169,0,5,76.57059999927878,71.2457999996841,jpeg,640x960,failure170,0,5,71.16039999946952,67.23599999956787,jpeg,640x960,failure171,0,5,70.86060000024736,66.51400000043213,jpeg,640x960,failure172,0,5,70.83779999986291,66.63370000012219,jpeg,640x960,failure173,0,5,96.8277000002563,80.61199999973178,jpeg,640x960,failure174,0,5,73.49430000036955,68.80989999882877,jpeg,640x960,failure175,0,5,77.05770000070333,72.74540000036359,jpeg,640x960,failure176,0,5,74.20800000056624,68.71739999949932,jpeg,640x960,failure